[
  {
    "category_0": [
      {
        "name": "인기플랫슈즈",
        "image": "img/img1.avif"
      },
      {
        "name": "여성의류",
        "image": "img/img2.avif"
      },
      {
        "name": "남성의류",
        "image": "img/img3.avif"
      },
      {
        "name": "가방/잡화",
        "image": "img/img4.avif"
      },
      {
        "name": "슈즈",
        "image": "img/img5.avif"
      },
      {
        "name": "스포츠",
        "image": "img/img6.avif"
      },
      {
        "name": "명품",
        "image": "img/img7.avif"
      }
    ]
  },
  {
    "category_1": [
      {
        "name": "골프",
        "image": "img/img8.avif"
      },
      {
        "name": "키즈",
        "image": "img/img9.avif"
      },

      {
        "name": "브랜드위크",
        "image": "img/img10.avif"
      },
      {
        "name": "아울렛",
        "image": "img/img11.avif"
      },
      {
        "name": "선물하기",
        "image": "img/img12.avif"
      },
      {
        "name": "리빙",
        "image": "img/img13.avif"
      },
      {
        "name": "뷰티",
        "image": "img/img14.avif"
      }
    ]
  }
]
