{
  "data": {
    "section_1": {
      "title": "img",
      "item": [
        {
          "name": "nylon windbreaker jumper - navy",
          "price": "175,440원"
        },
        {
          "name": "semi wide denim pants - indigo",
          "price": "107,440원"
        },

        {
          "name": "leather utility half jacket - black",
          "price": "243,440원"
        },
        {
          "name": "nylon windbreaker jumper - navy",
          "price": "175,440원"
        },
        {
          "name": "semi wide denim pants - indigo",
          "price": "107,440원"
        },
        {
          "name": "캐시미어 울 브이넥 니트 여성 가디건_3 Colors",
          "price": "99,540원"
        },
        {
          "name": "Scarf Draping Blouse - Blue",
          "price": "90,400원"
        },
        {
          "name": "Boat Neck Multi Stripe Long Sleeve - Multi",
          "price": "49,380원"
        },
        {
          "name": "H Line See-through Long Skirt - Ivory",
          "price": "98,770원"
        },
        {
          "name": "[BEST패턴][뜨왈드주이] 네이비 패턴 헤어밴드",
          "price": "52,020원"
        },
        {
          "name": "보테가베네타 여성 리도 샌들 핑크 608853 VBSS0 5071 STK",
          "price": "52,020원"
        },
        {
          "name": "[25SS][H.toile] 오간자 네이비 패턴 버킷햇",
          "price": "100,890원"
        },
        {
          "name": "[뜨왈드주이][H.Toile] H 뜨왈 그레이 코티드 캔버스 토트겸 숄더백 M",
          "price": "197,370원"
        }
      ]
    },
    "section_2": {
      "title": "img",
      "item": [
        {
          "name": "nylon windbreaker jumper - navy",
          "price": "175,440원"
        },
        {
          "name": "semi wide denim pants - indigo",
          "price": "107,440원"
        },

        {
          "name": "leather utility half jacket - black",
          "price": "243,440원"
        },
        {
          "name": "nylon windbreaker jumper - navy",
          "price": "175,440원"
        },
        {
          "name": "semi wide denim pants - indigo",
          "price": "107,440원"
        },
        {
          "name": "캐시미어 울 브이넥 니트 여성 가디건_3 Colors",
          "price": "99,540원"
        },
        {
          "name": "Scarf Draping Blouse - Blue",
          "price": "90,400원"
        },
        {
          "name": "Boat Neck Multi Stripe Long Sleeve - Multi",
          "price": "49,380원"
        },
        {
          "name": "H Line See-through Long Skirt - Ivory",
          "price": "98,770원"
        },
        {
          "name": "[BEST패턴][뜨왈드주이] 네이비 패턴 헤어밴드",
          "price": "52,020원"
        },
        {
          "name": "보테가베네타 여성 리도 샌들 핑크 608853 VBSS0 5071 STK",
          "price": "52,020원"
        },
        {
          "name": "[25SS][H.toile] 오간자 네이비 패턴 버킷햇",
          "price": "100,890원"
        },
        {
          "name": "[뜨왈드주이][H.Toile] H 뜨왈 그레이 코티드 캔버스 토트겸 숄더백 M",
          "price": "197,370원"
        }
      ]
    }
  }
}
