[
  {
    "image": "img/h2.avif",
    "name": "nylon windbreaker jumper - navy",
    "price": "175,440원"
  },

  {
    "image": "img/h3.avif",
    "name": "semi wide denim pants - indigo",
    "price": "107,440원"
  },

  {
    "image": "img/h4.avif",
    "name": "leather utility half jacket - black",
    "price": "243,440원"
  },

  {
    "image": "img/h6.avif",
    "name": "nylon windbreaker jumper - navy",
    "price": "175,440원"
  },
  {
    "image": "img/h7.avif",
    "name": "semi wide denim pants - indigo",
    "price": "107,440원"
  },

  {
    "image": "img/h8.avif",
    "name": "캐시미어 울 브이넥 니트 여성 가디건_3 Colors",
    "price": "243,440원"
  },

  {
    "image": "img/h10.avif",
    "name": "nylon windbreaker jumper - navy",
    "price": "175,440원"
  },
  {
    "image": "img/h11.avif",
    "name": "semi wide denim pants - indigo",
    "price": "107,440원"
  },

  {
    "image": "img/h12.avif",
    "name": "캐시미어 울 브이넥 니트 여성 가디건_3 Colors",
    "price": "243,440원"
  },
  {
    "image": "img/h6.avif",
    "name": "nylon windbreaker jumper - navy",
    "price": "175,440원"
  },
  {
    "image": "img/h7.avif",
    "name": "semi wide denim pants - indigo",
    "price": "107,440원"
  },

  {
    "image": "img/h8.avif",
    "name": "캐시미어 울 브이넥 니트 여성 가디건_3 Colors",
    "price": "243,440원"
  },
  {
    "image": "img/h6.avif",
    "name": "nylon windbreaker jumper - navy",
    "price": "175,440원"
  },
  {
    "image": "img/h7.avif",
    "name": "semi wide denim pants - indigo",
    "price": "107,440원"
  },

  {
    "image": "img/h8.avif",
    "name": "캐시미어 울 브이넥 니트 여성 가디건_3 Colors",
    "price": "243,440원"
  }
]
